Word,Freq,In Ontology,Upper-Pattern,URI,Notes
Floor,3213,x,Building-artifact-part,,
Office,1670,x,Room,,
Ground,1260,-,-,,Distinction between Ground Level (as in Ground Floor) and the outside grounds (e.g. yard)
First,953,-,-,,
Room,712,x,Interior-Building-part,,
Second,655,-,-,,
Toilet,411,x,building-fixture,,
Store,253,x,Sales-corporation,,is this concept good for us?
Meeting,275,x,Meeting (Human-Contact),,
Lobby,195,-,-,,
Cupboard,173,-,-,,
Third,154,-,-,,
Corridor,152,-,-,,
Riser,150,-,-,,
2,145,-,-,,
Laboratory,139,x,Laboritory (Organization),,
Lift,125,-,-,,
Plan,120,x,business-document,,ambigous… not as a floor plan etc…
Corridor,118,-,-,,
Riser,113,-,-,,
Open,106,x,Change-Position,,
Roof,100,x,Roof (Building-artifact-part),,
Level,168,-,-,,"this is ambigous, it could also be considered as Floor (e.g Floor 1 or Level 1)?"
Stair,165,x,Stair (Building-artifact-part),,
1,96,-,-,,Numbers can be defined as self? no need for an ontology
Female,149,-,Female,http://www.mindswap.org/2003/owl/swint/person,No female/male class but property gender exists
Area,89,-,-,,"There exists a property named area (sub-property of size), but this is ambigous like Level and Ground"
Lobby,85,-,-,,
Landing,78,-,-,,
Male,131,-,Male,http://www.mindswap.org/2003/owl/swint/person,
4,76,-,-,,No female/male class but property gender exists
3,73,-,-,,
Kitchen,103,x,Room,,
Cleaners,60,-,-,,
Accessible,102,-,-,,
Plant,86,x,Plant (Natural Object),,Does this mean plant as in flower or plant as in architecture
North,56,x,Compass-Point,,
South,51,x,Compass-Point,,
Fourth,44,-,-,,
East,44,x,Compass-Point,,
Basement,42,x,Interior-Building-part,,
Staircase,38,-,-,,There exists a concept stairway not staircase…these mean the same
Meeting,34,x,Meeting (Human-Contact),,
West,34,x,Compass-Point,,
Central,32,-,-,,
Photocopier,32,-,-,,there exists a concept photocopy-machine
Stair-2,31,x,Stair (Building-artifact-part),,stair together with a number… so it would result to be something like <Building-artifact-part><Symbol><Number>
Escape,31,x,Change-Location,,"but is this concept good, for example fire escape?"
Entrance,31,-,-,,
Cupboard-2,30,-,-,,
Shower,29,x,building-fixture,,
Lift,29,-,,,
Central,25,-,,,
Quiet,25,-,-,,
Out,24,-,-,,
Stairs,24,x,x,,We have a concept <Stair>
Entrance,23,-,-,,
007,23,-,-,,
004,23,-,-,,
01,23,-,-,,
Elec,23,-,-,,
Store,23,x,Sales-corporation,,is this concept good for us?
103,22,-,-,,
Break,22,x,break-down,,is this concept good for us?
008,22,-,-,,
006,22,-,-,,
Electrical,21,-,-,,Not general
1Ground,21,-,-,,
Post,21,x,artifact-part,,
Circulation,21,,,,
107,21,,,,
105,21,,,,
101,21,,,,
005,21,,,,
003,21,,,,
Reception,21,,,,
5,21,,,,
Workshop,20,,,,
and,20,,,,
Stairs,20,,,,
Duct,20,,,,
104,20,,,,
102,20,,,,
002,20,,,,
001,20,,,,
111,19,,,,
109,19,,,,
106,19,,,,
009,19,,,,
Staff,19,,,,
114,18,,,,
110,18,,,,
108,18,,,,
015,18,,,,
Store-2,18,,,,
Cupboard-3,17,,,,
207,17,,,,
Comms,17,,,,
113,17,,,,
Cleaner,17,,,,
014,17,,,,
012,17,,,,
010,17,,,,
Print,16,,,,
Roof,16,,,,
206,16,,,,
203,16,,,,
202,16,,,,
112,16,,,,
017,16,,,,
016,16,,,,
013,16,,,,
011,16,,,,
Cupboard-1,15,,,,
Toilet,15,,,,
208,15,,,,
205,15,,,,
201,15,,,,
Mezzanine,15,,,,
018,15,,,,
1,15,,,,
6,15,,,,
Service,14,,,,
213,14,,,,
212,14,,,,
211,14,,,,
210,14,,,,
209,14,,,,
204,14,,,,
Open,14,,,,
Communications,14,,,,
118,14,,,,
115,14,,,,
8,14,,,,
Duct,13,,,,
Space,13,,,,
West,13,,,,
General,13,,,,
214,13,,,,
North,13,,,,
Staircase,13,,,,
117,13,,,,
02,13,,,,
C01,13,,,,
Reception,13,,,,
Void,12,,,,
Pantry,12,,,,
South,12,,,,
216,12,,,,
215,12,,,,
121,12,,,,
119,12,,,,
Post,12,,,,
019,12,,,,
Landing,12,,,,
&,12,,,,
Lift-,11,,,,
Archive,11,,,,
219,11,,,,
218,11,,,,
217,11,,,,
120,11,,,,
116,11,,,,
Water,11,,,,
IT,11,,,,
Conference,11,,,,
Fifth,11,,,,
032,11,,,,
Origins,11,,,,
Main,11,,,,
Tank,11,,,,
7,11,,,,
Stair-1,10,,,,
room,10,,,,
Training,10,,,,
to,10,,,,
221,10,,,,
220,10,,,,
Main,10,,,,
Library,10,,,,
Equipment,10,,,,
025,10,,,,
022,10,,,,
C02,10,,,,
Store-1,10,,,,
Third,10,,,,
Photocopier,10,,,,
Wing,9,,,,
1Second,9,,,,
Toilet-East,9,,,,
Storage,9,,,,
Lobby-Female,9,,,,
Warehouse,9,,,,
Resource,9,,,,
Audio,9,,,,
122,9,,,,
Lab,9,,,,
1First,9,,,,
Prep,9,,,,
Point,9,,,,
024,9,,,,
023,9,,,,
020,9,,,,
03,9,,,,
Cleaner,9,,,,
Comms,9,,,,
OU,8,,,,
Unisex,8,,,,
Core,8,,,,
Corridor-2,8,,,,
Staff,8,,,,
Tea,8,,,,
232,8,,,,
226,8,,,,
222,8,,,,
Boiler,8,,,,
Services,8,,,,
126,8,,,,
125,8,,,,
Remove,8,,,,
Tower,8,,,,
033,8,,,,
031,8,,,,
030,8,,,,
026,8,,,,
021,8,,,,
Goods,8,,,,
Lecture,7,,,,
Motor,7,,,,
Ramp,7,,,,
East,7,,,,
307,7,,,,
304,7,,,,
301,7,,,,
Air,7,,,,
Changing,7,,,,
Library,7,,,,
Sub,7,,,,
235,7,,,,
234,7,,,,
233,7,,,,
225,7,,,,
223,7,,,,
Electrical,7,,,,
Refectory,7,,,,
127,7,,,,
124,7,,,,
123,7,,,,
Refuse,7,,,,
Shop,7,,,,
Bar,7,,,,
028,7,,,,
027,7,,,,
Switch,7,,,,
Quiet,7,,,,
Basement,7,,,,
Station,7,,,,
0,7,,,,
Administration,6,,,,
Faculty,6,,,,
004-,6,,,,
003-,6,,,,
Unisex-Male,6,,,,
001-,6,,,,
Director,6,,,,
Bar,6,,,,
Stair-1First,6,,,,
Room-2,6,,,,
Mech,6,,,,
312,6,,,,
308,6,,,,
306,6,,,,
305,6,,,,
303,6,,,,
302,6,,,,
Service,6,,,,
Cleaners,6,,,,
241,6,,,,
240,6,,,,
239,6,,,,
238,6,,,,
237,6,,,,
236,6,,,,
230,6,,,,
224,6,,,,
Computer,6,,,,
East/West,6,,,,
Lock,6,,,,
Tutor,6,,,,
148,6,,,,
140,6,,,,
139,6,,,,
138,6,,,,
137,6,,,,
136,6,,,,
135,6,,,,
134,6,,,,
133,6,,,,
132,6,,,,
UnisexToilet,6,,,,
NE,6,,,,
Theatre,6,,,,
2nd,6,,,,
Video,6,,,,
Plantroom,6,,,,
046,6,,,,
042,6,,,,
041,6,,,,
040,6,,,,
039,6,,,,
038,6,,,,
037,6,,,,
034,6,,,,
029,6,,,,
Secure,6,,,,
Estates,6,,,,
10,6,,,,
Store-3,6,,,,
Servery,6,,,,
Lobby-Male,6,,,,
2,6,,,,
9,6,,,,
008-,5,,,,
007-,5,,,,
006-,5,,,,
005-,5,,,,
002-,5,,,,
Cold,5,,,,
Loft,5,,,,
Bank,5,,,,
Seminar,5,,,,
Stair-1Ground,5,,,,
313,5,,,,
309,5,,,,
Breakout,5,,,,
Ladies,5,,,,
corridor,5,,,,
252,5,,,,
249,5,,,,
248,5,,,,
247,5,,,,
246,5,,,,
245,5,,,,
244,5,,,,
243,5,,,,
242,5,,,,
228,5,,,,
227,5,,,,
Reprographic,5,,,,
Porters,5,,,,
Assessment,5,,,,
Secondt,5,,,,
150,5,,,,
149,5,,,,
147,5,,,,
145,5,,,,
144,5,,,,
131,5,,,,
130,5,,,,
NW,5,,,,
Foyer,5,,,,
061,5,,,,
059,5,,,,
054,5,,,,
053,5,,,,
051,5,,,,
050,5,,,,
049,5,,,,
047,5,,,,
044,5,,,,
036,5,,,,
035,5,,,,
06,5,,,,
05,5,,,,
04,5,,,,
Access,5,,,,
C001,5,,,,
Cupboard-1Second,5,,,,
Stairwell,5,,,,
Shelving,4,,,,
Office-2,4,,,,
Link,4,,,,
Studio,4,,,,
Toilet-,4,,,,
Block,4,,,,
Stair-3,4,,,,
Copy,4,,,,
Waste,4,,,,
Hospitality,4,,,,
Toilet-West,4,,,,
101-,4,,,,
Escape,4,,,,
Kitchenette,4,,,,
321,4,,,,
320,4,,,,
318,4,,,,
317,4,,,,
316,4,,,,
315,4,,,,
314,4,,,,
310,4,,,,
Cloak,4,,,,
Stair-1Second,4,,,,
Shower,4,,,,
Preparation,4,,,,
254,4,,,,
253,4,,,,
251,4,,,,
250,4,,,,
Bridge,4,,,,
231,4,,,,
Master,4,,,,
Machine,4,,,,
229,4,,,,
Link,4,,,,
Common,4,,,,
(2),4,,,,
Visual,4,,,,
ZZDELETE,4,,,,
152,4,,,,
151,4,,,,
146,4,,,,
143,4,,,,
142,4,,,,
141,4,,,,
Spiral,4,,,,
129,4,,,,
128,4,,,,
Lee,4,,,,
Rear,4,,,,
Waste,4,,,,
Control,4,,,,
066,4,,,,
060,4,,,,
058,4,,,,
057,4,,,,
056,4,,,,
055,4,,,,
052,4,,,,
048,4,,,,
045,4,,,,
043,4,,,,
Porters,4,,,,
01-,4,,,,
08,4,,,,
C03,4,,,,
Store-4,4,,,,
Tea,4,,,,
Tape,4,,,,
Cellar,4,,,,
Server,4,,,,
Pod,4,,,,
Lockers,4,,,,
Rest,4,,,,
3,4,,,,
C005,4,,,,
TLT,4,,,,
Cupboard-1Third,3,,,,
Waiting,3,,,,
009-,3,,,,
General,3,,,,
IT,3,,,,
Exit,3,,,,
Piano,3,,,,
Fabric,3,,,,
Passenger,3,,,,
Toilets,3,,,,
CD,3,,,,
Hall,3,,,,
Photocopiers,3,,,,
Interview,3,,,,
Rooms,3,,,,
Common,3,,,,
Foyer,3,,,,
Work,3,,,,
Chemical,3,,,,
Bed,3,,,,
Compact,3,,,,
Locker,3,,,,
Pump,3,,,,
Louvre,3,,,,
Photocopy,3,,,,
Boiler,3,,,,
03,3,,,,
02,3,,,,
Asst,3,,,,
Westside,3,,,,
1Third,3,,,,
Stair-Lift,3,,,,
Photocopy,3,,,,
Court,3,,,,
104-,3,,,,
Room-3,3,,,,
Lobby-Unisex-Male,3,,,,
Eastside,3,,,,
327,3,,,,
326,3,,,,
325,3,,,,
324,3,,,,
323,3,,,,
322,3,,,,
319,3,,,,
311,3,,,,
Waiting,3,,,,
Academics,3,,,,
ZZDelete,3,,,,
255,3,,,,
Store-1Ground,3,,,,
Riser-3,3,,,,
Riser-2,3,,,,
Riser-1,3,,,,
Jenny,3,,,,
Cupboard-1First,3,,,,
Lounge,3,,,,
Dining,3,,,,
Fourth,3,,,,
Disused,3,,,,
Fire,3,,,,
Tank,3,,,,
Centre,3,,,,
Infrastructure,3,,,,
Facility,3,,,,
153,3,,,,
SE,3,,,,
RT,3,,,,
Secretary,3,,,,
Furniture,3,,,,
FL,3,,,,
Unit,3,,,,
Referees,3,,,,
Filing-Copy,3,,,,
Beale,3,,,,
069,3,,,,
065,3,,,,
064,3,,,,
063,3,,,,
062,3,,,,
07,3,,,,
Circulation,3,,,,
level,3,,,,
Store-1First,3,,,,
Sound,3,,,,
Collection,3,,,,
Cupboard-1Ground,3,,,,
Science,3,,,,
floor,3,,,,
010-,3,,,,
Intake,3,,,,
Switchroom,3,,,,
C004,3,,,,
C003,3,,,,
Ramped,3,,,,
Recycling,3,,,,
R,3,,,,
E,3,,,,
Atrium,2,,,,
Estates,2,,,,
Manager,2,,,,
Beverage,2,,,,
Stores,2,,,,
009a,2,,,,
PVC,2,,,,
Human-Computer,2,,,,
006a,2,,,,
Flor,2,,,,
Office-3,2,,,,
Room-1First,2,,,,
Conditioning,2,,,,
Catering,2,,,,
Crushing,2,,,,
Conference,2,,,,
11First,2,,,,
Oil,2,,,,
Canteen,2,,,,
Drying,2,,,,
Office-1Ground,2,,,,
Front,2,,,,
Communications,2,,,,
Bin,2,,,,
Corridor-5,2,,,,
Corridor-4,2,,,,
Corridor-1,2,,,,
G09,2,,,,
G08,2,,,,
G07,2,,,,
G06,2,,,,
G05,2,,,,
G04,2,,,,
G03,2,,,,
G02,2,,,,
G01,2,,,,
Vending,2,,,,
Packing,2,,,,
Corridor-1First,2,,,,
Stair-2,2,,,,
MaleToilet,2,,,,
Bay,2,,,,
Disabled,2,,,,
Unisex,2,,,,
Assistant,2,,,,
Mess,2,,,,
01,2,,,,
Toliet,2,,,,
Lobby-Toilet,2,,,,
103-,2,,,,
101a,2,,,,
ICT,2,,,,
102-,2,,,,
Reading,2,,,,
!st,2,,,,
001,2,,,,
E015,2,,,,
331,2,,,,
330,2,,,,
second,2,,,,
329,2,,,,
Balance,2,,,,
Toddler,2,,,,
271a,2,,,,
F16,2,,,,
F15,2,,,,
F14,2,,,,
F13,2,,,,
F12,2,,,,
F11,2,,,,
Rooftop,2,,,,
ENT,2,,,,
Wash,2,,,,
Adjacent,2,,,,
Student,2,,,,
Team,2,,,,
Social,2,,,,
Private,2,,,,
Store-1Third,2,,,,
Gardeners,2,,,,
Senior,2,,,,
201a,2,,,,
Lounge,2,,,,
Kitchen-Fourth,2,,,,
Sample,2,,,,
259,2,,,,
N2023a,2,,,,
257,2,,,,
256,2,,,,
Racking,2,,,,
Room-1Ground,2,,,,
Distribution,2,,,,
Social,2,,,,
of,2,,,,
Maths,2,,,,
041a,2,,,,
in,2,,,,
040-,2,,,,
Journals,2,,,,
Booth,2,,,,
Reference,2,,,,
Cleaner-2,2,,,,
Cleaner-1,2,,,,
Restaurant,2,,,,
Store-1Second,2,,,,
House,2,,,,
Squash,2,,,,
1Basement,2,,,,
changing,2,,,,
Coffee,2,,,,
adjacent,2,,,,
St,2,,,,
Rest,2,,,,
Refectory,2,,,,
SW,2,,,,
147a,2,,,,
Kitchen-Ground,2,,,,
100,2,,,,
Suite,2,,,,
252a,2,,,,
Large,2,,,,
Lift-2,2,,,,
Welfare,2,,,,
032a,2,,,,
Maintenance,2,,,,
Science,2,,,,
Squash,2,,,,
Play,2,,,,
External,2,,,,
N0020,2,,,,
A002,2,,,,
A001,2,,,,
E115d,2,,,,
Furniture,2,,,,
Education,2,,,,
Print,2,,,,
LadiesToilet,2,,,,
LRC,2,,,,
Kitchen-Second,2,,,,
Smoking,2,,,,
Garage,2,,,,
071,2,,,,
070,2,,,,
068,2,,,,
067,2,,,,
Annexe,2,,,,
2a,2,,,,
33,2,,,,
1st,2,,,,
20,2,,,,
16,2,,,,
15,2,,,,
14,2,,,,
13,2,,,,
11,2,,,,
1-,2,,,,
026-,2,,,,
024-,2,,,,
023-,2,,,,
Flammable,2,,,,
Stair-1Third,2,,,,
022-,2,,,,
Dry,2,,,,
021-,2,,,,
020-,2,,,,
Research,2,,,,
Air,2,,,,
Editing,2,,,,
N1001,2,,,,
E211c,2,,,,
stairs,2,,,,
Corridor-1Ground,2,,,,
Testing,2,,,,
Catering,2,,,,
External,2,,,,
Baby,2,,,,
Packing,2,,,,
Class,2,,,,
Health,2,,,,
interaction,2,,,,
019-,2,,,,
018-,2,,,,
Switch,2,,,,
Technical,2,,,,
017-,2,,,,
016-,2,,,,
015-,2,,,,
014-,2,,,,
013-,2,,,,
012-,2,,,,
011-,2,,,,
under,2,,,,
N2047,2,,,,
Sleep,2,,,,
S,2,,,,
B,2,,,,
4,2,,,,
C002,2,,,,
N2001,2,,,,
Stairwell,2,,,,
Machinery,2,,,,
Containment,2,,,,
Arts,2,,,,
Appointment,2,,,,
T,2,,,,
A,2,,,,
Mulberry,2,,,,
Security,2,,,,
Cafe,1,,,,
IT-Support,1,,,,
Ion,1,,,,
Lobby-Unisex,1,,,,
Cooper,1,,,,
101e-,1,,,,
S2030a,1,,,,
Services,1,,,,
Cupboard-1FirstFloor,1,,,,
Childrens,1,,,,
101d-,1,,,,
039-Lobby,1,,,,
Gravimeter,1,,,,
101c-,1,,,,
In-Out,1,,,,
Nu022,1,,,,
Nu020,1,,,,
101b-,1,,,,
Nu293a,1,,,,
Intake,1,,,,
Nu018,1,,,,
Nu017,1,,,,
Nu016,1,,,,
Nu015,1,,,,
Nu014,1,,,,
Nu013,1,,,,
Nu012,1,,,,
L7-323,1,,,,
Nu011,1,,,,
L7-322,1,,,,
Nu010,1,,,,
L7-321,1,,,,
101a-,1,,,,
L7-320,1,,,,
Unit,1,,,,
Nu009,1,,,,
L7-319,1,,,,
Nu008,1,,,,
L7-318,1,,,,
Nu007,1,,,,
Macerator,1,,,,
Nu006,1,,,,
L7-317,1,,,,
Nu005,1,,,,
L7-316,1,,,,
L7-315,1,,,,
Nu004,1,,,,
L7-314,1,,,,
Nu003,1,,,,
Nu002,1,,,,
L7-313,1,,,,
Nu001,1,,,,
L7-312,1,,,,
L7-311,1,,,,
L7-310,1,,,,
Printing,1,,,,
Kitchen-Third,1,,,,
227d,1,,,,
227c,1,,,,
227b,1,,,,
227a,1,,,,
Pine,1,,,,
L7-309,1,,,,
102a-Kitchen,1,,,,
L7-308,1,,,,
L7-307,1,,,,
L7-306,1,,,,
L7-305,1,,,,
L7-304,1,,,,
408-Office,1,,,,
L7-303,1,,,,
L7-302,1,,,,
L7-301,1,,,,
102/103,1,,,,
119-,1,,,,
Poison,1,,,,
Regional,1,,,,
Projector,1,,,,
226a,1,,,,
008a,1,,,,
Communication,1,,,,
Corridor-1Basement,1,,,,
118-Kitchen,1,,,,
410-Office,1,,,,
117-,1,,,,
Shared,1,,,,
006c,1,,,,
006b,1,,,,
Advisers,1,,,,
Language,1,,,,
?????,1,,,,
005b,1,,,,
Office-1,1,,,,
005a,1,,,,
Lending,1,,,,
Advertisement,1,,,,
005N,1,,,,
N1002a,1,,,,
Moter,1,,,,
N1001e,1,,,,
N1001d,1,,,,
N1001c,1,,,,
N1001b,1,,,,
N1001a,1,,,,
003b,1,,,,
003a,1,,,,
113-,1,,,,
037-Kitchen,1,,,,
F9,1,,,,
Games,1,,,,
F5,1,,,,
112-,1,,,,
F4,1,,,,
F3,1,,,,
Darkroom,1,,,,
Frozen,1,,,,
F2,1,,,,
R2-06,1,,,,
F1,1,,,,
R2-04,1,,,,
N0024b,1,,,,
R2-03,1,,,,
N0024a,1,,,,
R2-02,1,,,,
R2-01,1,,,,
001Office,1,,,,
111-,1,,,,
Camera,1,,,,
Balcony,1,,,,
Sandwich,1,,,,
E124,1,,,,
E123,1,,,,
E122,1,,,,
E121,1,,,,
E120,1,,,,
Mower,1,,,,
Steps,1,,,,
106,1,,,,
105,1,,,,
104,1,,,,
103,1,,,,
102,1,,,,
101,1,,,,
E119,1,,,,
E118,1,,,,
E116,1,,,,
Medlar,1,,,,
E114,1,,,,
E113,1,,,,
111-Office,1,,,,
E110,1,,,,
Z219,1,,,,
A/C,1,,,,
Z218,1,,,,
Z217,1,,,,
S1062,1,,,,
S1061,1,,,,
Z216,1,,,,
Z215,1,,,,
S1060,1,,,,
Z214,1,,,,
SSM,1,,,,
Z213,1,,,,
Z212,1,,,,
Z211,1,,,,
Z210,1,,,,
Serv,1,,,,
E109,1,,,,
E108,1,,,,
E107,1,,,,
E106,1,,,,
Pool,1,,,,
E105,1,,,,
E104,1,,,,
E103,1,,,,
E102,1,,,,
S1059,1,,,,
S1058,1,,,,
S1057,1,,,,
S1056,1,,,,
S1055,1,,,,
S1054,1,,,,
Z209,1,,,,
S1053,1,,,,
Z208,1,,,,
S1052,1,,,,
Z207,1,,,,
S1051,1,,,,
Z206,1,,,,
Z205,1,,,,
S1050,1,,,,
Z203,1,,,,
Z202,1,,,,
D.S.Store,1,,,,
Z146a,1,,,,
Lift-First,1,,,,
N0020a,1,,,,
S1049,1,,,,
S1048,1,,,,
D005,1,,,,
S1047,1,,,,
D004,1,,,,
S1046,1,,,,
D003,1,,,,
S1045,1,,,,
D002,1,,,,
S1044,1,,,,
D001,1,,,,
S1043,1,,,,
S1042,1,,,,
S1041,1,,,,
S1040,1,,,,
Z145a,1,,,,
N1066a,1,,,,
S1039,1,,,,
S1038,1,,,,
S1036,1,,,,
S1035,1,,,,
042-Network,1,,,,
S1033,1,,,,
S1032,1,,,,
S1031,1,,,,
S1030,1,,,,
K099,1,,,,
K098,1,,,,
K097,1,,,,
K096,1,,,,
K095,1,,,,
1.1.13a,1,,,,
K094,1,,,,
K093,1,,,,
K092,1,,,,
Photocoper,1,,,,
K091,1,,,,
K090,1,,,,
Vending,1,,,,
CIRC-2,1,,,,
CIRC-1,1,,,,
S1029,1,,,,
S1028,1,,,,
S1027,1,,,,
S1026,1,,,,
S1025,1,,,,
S1024,1,,,,
009b-,1,,,,
S1023,1,,,,
Supply,1,,,,
S1022,1,,,,
S1021,1,,,,
S1020,1,,,,
Lab,1,,,,
Off,1,,,,
N0089e,1,,,,
N0089d,1,,,,
N0089c,1,,,,
N0089b,1,,,,
N0089a,1,,,,
Assessmnet,1,,,,
S1019,1,,,,
S1018,1,,,,
S1017,1,,,,
S1016,1,,,,
S1015,1,,,,
S1014,1,,,,
009a-,1,,,,
S1013,1,,,,
S1012,1,,,,
S1011,1,,,,
S1010,1,,,,
Understair,1,,,,
412,1,,,,
Storage,1,,,,
116-Photocopy,1,,,,
411,1,,,,
School,1,,,,
021Office,1,,,,
Airlock,1,,,,
S1009,1,,,,
S1008,1,,,,
S1007,1,,,,
S1006,1,,,,
S1005,1,,,,
S1004,1,,,,
S1003,1,,,,
S1002,1,,,,
S1001,1,,,,
Anaerobic,1,,,,
SWIM,1,,,,
Room-West,1,,,,
Fifth,1,,,,
H0-40,1,,,,
N0086a,1,,,,
S0005b,1,,,,
S0005a,1,,,,
Study,1,,,,
Sluice,1,,,,
H0-39,1,,,,
H0-38,1,,,,
H0-37,1,,,,
H0-36,1,,,,
H0-35,1,,,,
H0-34,1,,,,
H0-33,1,,,,
H0-32,1,,,,
H0-31,1,,,,
H0-30,1,,,,
Corridor-3,1,,,,
N0085a,1,,,,
SIFT-MS,1,,,,
Delivery,1,,,,
Painting,1,,,,
ToiletGround,1,,,,
Changing-Male,1,,,,
H0-29,1,,,,
H0-28,1,,,,
Oak,1,,,,
H0-27,1,,,,
H0-26,1,,,,
H0-25,1,,,,
H0-24,1,,,,
H0-23,1,,,,
H0-22,1,,,,
H0-21,1,,,,
H0-20,1,,,,
S0003a,1,,,,
(to,1,,,,
H0-19,1,,,,
H0-18,1,,,,
H0-17,1,,,,
Hse,1,,,,
H0-16,1,,,,
Fire,1,,,,
H0-15,1,,,,
S2025a,1,,,,
H0-14,1,,,,
H0-13,1,,,,
H0-12,1,,,,
H0-11,1,,,,
H0-10,1,,,,
N0083a,1,,,,
G14,1,,,,
G13,1,,,,
Conf,1,,,,
G12,1,,,,
G11,1,,,,
G10,1,,,,
S0002a,1,,,,
060a,1,,,,
Zero,1,,,,
S1049a,1,,,,
H0-09,1,,,,
H0-08,1,,,,
H0-07,1,,,,
H0-06,1,,,,
H0-05,1,,,,
S2024b,1,,,,
S2024a,1,,,,
H0-04,1,,,,
H0-03,1,,,,
H0-02,1,,,,
H0-01,1,,,,
PABX,1,,,,
Mezz,1,,,,
E0-25,1,,,,
E0-24,1,,,,
E0-23,1,,,,
E0-22,1,,,,
E0-20,1,,,,
S0001c,1,,,,
S0001b,1,,,,
S0001a,1,,,,
ISS,1,,,,
E0-19,1,,,,
E0-18,1,,,,
E0-17,1,,,,
N0081c,1,,,,
N0081b,1,,,,
E0-16,1,,,,
E0-15,1,,,,
N0081a,1,,,,
E0-14,1,,,,
E0-13,1,,,,
E0-12,1,,,,
E0-11,1,,,,
E0-10,1,,,,
041Office,1,,,,
402-Office,1,,,,
Pod4,1,,,,
Pod3,1,,,,
E0-09,1,,,,
Pod2,1,,,,
E0-08,1,,,,
Pod1,1,,,,
E0-07,1,,,,
E0-06,1,,,,
E0-05,1,,,,
E0-04,1,,,,
E0-03,1,,,,
E0-02,1,,,,
E0-01,1,,,,
108-East,1,,,,
Small,1,,,,
Altar,1,,,,
Reprographics,1,,,,
Conservatory,1,,,,
Z17,1,,,,
L2-044,1,,,,
L2-043,1,,,,
L2-042,1,,,,
L2-041,1,,,,
L2-040,1,,,,
L2-039,1,,,,
L2-038,1,,,,
L2-037,1,,,,
L2-036,1,,,,
L2-035,1,,,,
L2-034,1,,,,
L2-033,1,,,,
L2-032,1,,,,
L2-031,1,,,,
L2-030,1,,,,
Terrace,1,,,,
L2-029,1,,,,
L2-028,1,,,,
L2-027,1,,,,
L2-026,1,,,,
L2-025,1,,,,
L2-024,1,,,,
L2-023,1,,,,
L2-022,1,,,,
L2-021,1,,,,
L2-020,1,,,,
00,1,,,,
Distribution,1,,,,
L2-019,1,,,,
L2-018,1,,,,
L2-017,1,,,,
L2-016,1,,,,
L2-015,1,,,,
L2-014,1,,,,
L2-013,1,,,,
L2-012,1,,,,
L2-011,1,,,,
L2-010,1,,,,
Copying,1,,,,
Despatch,1,,,,
Literacy,1,,,,
L2-009,1,,,,
L2-008,1,,,,
L2-007,1,,,,
L2-006,1,,,,
L2-005,1,,,,
L2-004,1,,,,
L2-003,1,,,,
L2-002,1,,,,
Birch,1,,,,
L2-001,1,,,,
404-Office,1,,,,
Viewing,1,,,,
103-Office,1,,,,
109-,1,,,,
Resources,1,,,,
107a,1,,,,
C01Corridor,1,,,,
Copy-Post,1,,,,
Fork,1,,,,
002b-,1,,,,
K099a,1,,,,
107-,1,,,,
Controlled,1,,,,
105c,1,,,,
105b,1,,,,
Under,1,,,,
105a,1,,,,
School,1,,,,
002a-,1,,,,
StairThird,1,,,,
106-,1,,,,
Chefs,1,,,,
Deputy,1,,,,
055,1,,,,
105-,1,,,,
Coffee,1,,,,
N0017a,1,,,,
Rolling,1,,,,
3223,1,,,,
IET,1,,,,
Utility,1,,,,
00-34,1,,,,
N0016a,1,,,,
00-33,1,,,,
00-32,1,,,,
00-31,1,,,,
1.00.1c,1,,,,
1.00.1b,1,,,,
00-30,1,,,,
1.00.1a,1,,,,
204/205,1,,,,
00-29,1,,,,
00-28,1,,,,
00-27,1,,,,
00-26,1,,,,
00-25,1,,,,
00-24,1,,,,
00-23,1,,,,
00-22,1,,,,
00-21,1,,,,
00-20,1,,,,
Beer,1,,,,
Z146,1,,,,
Z145,1,,,,
Z144,1,,,,
Z143,1,,,,
Room-4,1,,,,
1.00.11,1,,,,
1.00.10,1,,,,
Z142,1,,,,
Z141,1,,,,
Z140,1,,,,
Room-1,1,,,,
00-19,1,,,,
00-18,1,,,,
00-17,1,,,,
00-16,1,,,,
00-15,1,,,,
00-14,1,,,,
00-13,1,,,,
00-12,1,,,,
105-Office,1,,,,
00-10,1,,,,
Landing-,1,,,,
Z139,1,,,,
Z138,1,,,,
Z137,1,,,,
Z135,1,,,,
Z133,1,,,,
1010,1,,,,
Viewing,1,,,,
Z132,1,,,,
Z131,1,,,,
Z130,1,,,,
00-09,1,,,,
Recording,1,,,,
00-08,1,,,,
011,1,,,,
00-07,1,,,,
00-06,1,,,,
00-05,1,,,,
00-04,1,,,,
00-03,1,,,,
00-02,1,,,,
00-01,1,,,,
E026,1,,,,
E025,1,,,,
E024,1,,,,
E023,1,,,,
E022,1,,,,
E021,1,,,,
E020,1,,,,
1009,1,,,,
1008,1,,,,
1007,1,,,,
Z129,1,,,,
1006,1,,,,
Z128,1,,,,
1005,1,,,,
1004,1,,,,
Z127,1,,,,
1003,1,,,,
Z126,1,,,,
OMR,1,,,,
1002,1,,,,
Z125,1,,,,
007,1,,,,
1001,1,,,,
Z124,1,,,,
2V3,1,,,,
Z123,1,,,,
2V2,1,,,,
Z121,1,,,,
Z120,1,,,,
003,1,,,,
002,1,,,,
Z138b,1,,,,
Z138a,1,,,,
E019,1,,,,
Z029b,1,,,,
Locker,1,,,,
E018,1,,,,
Z029a,1,,,,
E016,1,,,,
E014,1,,,,
E013,1,,,,
E012,1,,,,
E011,1,,,,
N1059b,1,,,,
N1059a,1,,,,
Z116,1,,,,
Z115,1,,,,
Thompson,1,,,,
Z112,1,,,,
Z111,1,,,,
Z110,1,,,,
Radiation,1,,,,
Office-1First,1,,,,
E009,1,,,,
E008,1,,,,
E007,1,,,,
E006,1,,,,
Garden,1,,,,
E005,1,,,,
E004,1,,,,
E003,1,,,,
E002,1,,,,
S2044,1,,,,
S2043,1,,,,
N1058a,1,,,,
S2042,1,,,,
Shower-Changing,1,,,,
S2041,1,,,,
S2040,1,,,,
Z109,1,,,,
Z108,1,,,,
Z107,1,,,,
Z106,1,,,,
Z105,1,,,,
Z104,1,,,,
Z103,1,,,,
Z102,1,,,,
Z101,1,,,,
Void-2-,1,,,,
S2037,1,,,,
S2036,1,,,,
S2035,1,,,,
S2030,1,,,,
FirstFloor,1,,,,
340,1,,,,
Void-1-,1,,,,
S2029,1,,,,
S2028,1,,,,
S2027,1,,,,
S2026,1,,,,
S2025,1,,,,
S2024,1,,,,
S2023,1,,,,
N1056a,1,,,,
S2022,1,,,,
S2021,1,,,,
S2020,1,,,,
058a,1,,,,
339,1,,,,
338,1,,,,
337,1,,,,
S20,1,,,,
336,1,,,,
335,1,,,,
334,1,,,,
333,1,,,,
332,1,,,,
STR2103,1,,,,
S2019,1,,,,
S2018,1,,,,
S2017,1,,,,
all,1,,,,
S2016,1,,,,
E0-2,1,,,,
S2015,1,,,,
S2014,1,,,,
S19,1,,,,
S2013,1,,,,
S18,1,,,,
S17,1,,,,
S2012,1,,,,
S16,1,,,,
S2011,1,,,,
S2010,1,,,,
S15,1,,,,
057a,1,,,,
S14,1,,,,
Clerk,1,,,,
S13,1,,,,
328,1,,,,
S12,1,,,,
S11,1,,,,
S10,1,,,,
Z133c,1,,,,
Park,1,,,,
Z133b,1,,,,
Z133a,1,,,,
120-Office,1,,,,
S2009,1,,,,
S2008,1,,,,
S2007,1,,,,
S2006,1,,,,
S2005,1,,,,
S09,1,,,,
S2004,1,,,,
S08,1,,,,
S2003,1,,,,
S07,1,,,,
S2002,1,,,,
S2001,1,,,,
056c,1,,,,
S06,1,,,,
056b,1,,,,
S05,1,,,,
S04,1,,,,
056a,1,,,,
S03,1,,,,
S01,1,,,,
Filing,1,,,,
Electronics,1,,,,
ToiletsGround,1,,,,
H1-37,1,,,,
H1-36,1,,,,
H1-35,1,,,,
H1-34,1,,,,
H1-33,1,,,,
H1-32,1,,,,
H1-31,1,,,,
H1-30,1,,,,
Z130a,1,,,,
N0076a,1,,,,
Room-Male,1,,,,
H1-29,1,,,,
H1-28,1,,,,
H1-27,1,,,,
H1-26,1,,,,
H1-25,1,,,,
Aid,1,,,,
UPS,1,,,,
H1-23,1,,,,
H1-22,1,,,,
H1-20,1,,,,
F36,1,,,,
F35,1,,,,
F33,1,,,,
F31,1,,,,
F30,1,,,,
052c,1,,,,
052b,1,,,,
052a,1,,,,
H1-19,1,,,,
H1-18,1,,,,
H1-17,1,,,,
H1-16,1,,,,
F1a,1,,,,
H1-15,1,,,,
H1-14,1,,,,
H1-13,1,,,,
H1-12,1,,,,
Sports,1,,,,
H1-11,1,,,,
H1-10,1,,,,
F29,1,,,,
F28,1,,,,
F25,1,,,,
F23,1,,,,
F22,1,,,,
F21,1,,,,
F20,1,,,,
051a,1,,,,
Technology,1,,,,
H1-09,1,,,,
H1-08,1,,,,
H1-07,1,,,,
H1-06,1,,,,
H1-05,1,,,,
1.0.21a,1,,,,
H1-04,1,,,,
H1-03,1,,,,
H1-02,1,,,,
FW09,1,,,,
H1-01,1,,,,
E1-27,1,,,,
FW06,1,,,,
E1-26,1,,,,
FW05,1,,,,
E1-25,1,,,,
FW04,1,,,,
E1-24,1,,,,
F19,1,,,,
FW03,1,,,,
E1-23,1,,,,
FW02,1,,,,
E1-22,1,,,,
F17,1,,,,
E1-21,1,,,,
FW01,1,,,,
E1-20,1,,,,
EP2,1,,,,
EP1,1,,,,
F10,1,,,,
Prep,1,,,,
Prod.,1,,,,
E1-19,1,,,,
E1-18,1,,,,
E1-17,1,,,,
E1-16,1,,,,
E1-15,1,,,,
F09,1,,,,
E1-14,1,,,,
E1-13,1,,,,
F08,1,,,,
E1-12,1,,,,
F07,1,,,,
F06,1,,,,
E1-10,1,,,,
F05,1,,,,
F04,1,,,,
F03,1,,,,
F02,1,,,,
F01,1,,,,
E1-09,1,,,,
E1-08,1,,,,
E1-07,1,,,,
E1-06,1,,,,
E1-05,1,,,,
5MR,1,,,,
E1-04,1,,,,
E1-03,1,,,,
E1-02,1,,,,
E1-01,1,,,,
Land,1,,,,
Flloor,1,,,,
S1036a,1,,,,
COMS,1,,,,
The,1,,,,
C005,1,,,,
Tech,1,,,,
C002,1,,,,
Projection,1,,,,
Tool,1,,,,
(Foam),1,,,,
Chiller,1,,,,
Projects,1,,,,
Workshop,1,,,,
Cater,1,,,,
110b-,1,,,,
Cloaks,1,,,,
Cupboards,1,,,,
A203,1,,,,
A202,1,,,,
A201,1,,,,
110a-,1,,,,
Aspen,1,,,,
E026a,1,,,,
Director,1,,,,
Resourse,1,,,,
C006-Understair,1,,,,
Campus,1,,,,
Kitchen-Vending,1,,,,
Faraday,1,,,,
L4-138,1,,,,
L4-136,1,,,,
Office-3A,1,,,,
L4-135,1,,,,
L4-134,1,,,,
L4-133,1,,,,
L4-132,1,,,,
L4-131,1,,,,
L4-130,1,,,,
E024a,1,,,,
N089f,1,,,,
L4-129,1,,,,
L4-128,1,,,,
L4-127,1,,,,
NVQ,1,,,,
L4-126,1,,,,
L4-125,1,,,,
L4-124,1,,,,
L4-123,1,,,,
L4-122,1,,,,
L4-120,1,,,,
E023a,1,,,,
206a,1,,,,
S006,1,,,,
Staircase-2,1,,,,
Staircase-1,1,,,,
Pressurisation,1,,,,
L4-119,1,,,,
L4-118,1,,,,
L4-117,1,,,,
L4-116,1,,,,
L4-115,1,,,,
L4-114,1,,,,
L4-113,1,,,,
L4-112,1,,,,
Handling,1,,,,
L4-111,1,,,,
L4-110,1,,,,
L4-109,1,,,,
L4-108,1,,,,
L4-107,1,,,,
L4-106,1,,,,
Solvent,1,,,,
L4-105,1,,,,
L4-104,1,,,,
L4-103,1,,,,
L4-102,1,,,,
L4-101,1,,,,
Copier-Storage,1,,,,
E020a,1,,,,
Cupboards,1,,,,
Servery-Ground,1,,,,
Exchanger,1,,,,
Domestic,1,,,,
01-32,1,,,,
01-31,1,,,,
Green,1,,,,
01-30,1,,,,
Draught,1,,,,
Porch,1,,,,
N2029a,1,,,,
01-29,1,,,,
01-28,1,,,,
01-27,1,,,,
Collation,1,,,,
01-26,1,,,,
01-24,1,,,,
01-23,1,,,,
01-22,1,,,,
01-21,1,,,,
01-20,1,,,,
N2028a,1,,,,
01-19,1,,,,
01-18,1,,,,
Corridor-,1,,,,
01-17,1,,,,
01-16,1,,,,
0.44,1,,,,
01-15,1,,,,
0.43,1,,,,
01-14,1,,,,
01-13,1,,,,
01-12,1,,,,
01-11,1,,,,
01-10,1,,,,
Gas,1,,,,
Reception-Admin,1,,,,
Tutors,1,,,,
01-09,1,,,,
01-08,1,,,,
01-07,1,,,,
Z043,1,,,,
01-06,1,,,,
Z042,1,,,,
01-05,1,,,,
Z041,1,,,,
01-04,1,,,,
Z040,1,,,,
01-03,1,,,,
01-02,1,,,,
01-01,1,,,,
Internal,1,,,,
Copy-Equipment,1,,,,
Staff-Tutors,1,,,,
Z039,1,,,,
Z038,1,,,,
Z037,1,,,,
Z036,1,,,,
Victoria,1,,,,
Z035,1,,,,
Z034,1,,,,
Z033,1,,,,
116-West,1,,,,
Z032,1,,,,
281,1,,,,
Z031,1,,,,
280,1,,,,
Z030,1,,,,
Z129a,1,,,,
Live,1,,,,
279,1,,,,
278,1,,,,
Z028,1,,,,
277,1,,,,
Z027,1,,,,
Z026,1,,,,
Z025,1,,,,
Z024,1,,,,
Z023,1,,,,
272,1,,,,
Z022,1,,,,
271,1,,,,
Z021,1,,,,
Z020,1,,,,
270,1,,,,
Z128c,1,,,,
Z128b,1,,,,
Z128a,1,,,,
269a,1,,,,
CMR15,1,,,,
CMR14,1,,,,
CMR13,1,,,,
CMR11,1,,,,
269,1,,,,
268,1,,,,
267,1,,,,
Z017,1,,,,
266,1,,,,
Z016,1,,,,
265,1,,,,
Z015,1,,,,
264,1,,,,
Z014,1,,,,
263,1,,,,
262,1,,,,
Z012,1,,,,
261,1,,,,
Z011,1,,,,
Z010,1,,,,
Z127a,1,,,,
N0001c,1,,,,
N0001b,1,,,,
N0001a,1,,,,
CMR07,1,,,,
CMR06,1,,,,
CMR05,1,,,,
CMR03,1,,,,
Z009,1,,,,
258,1,,,,
Z008,1,,,,
Z007,1,,,,
Z006,1,,,,
Z005,1,,,,
Z004,1,,,,
Z003,1,,,,
Z002,1,,,,
Z001,1,,,,
Z126a,1,,,,
049d,1,,,,
049c,1,,,,
049b,1,,,,
049a,1,,,,
Info.,1,,,,
Terminal,1,,,,
114-Office,1,,,,
Toilet-Ground,1,,,,
G2-06-,1,,,,
265a,1,,,,
Directorate,1,,,,
on,1,,,,
Assistants,1,,,,
Warehouse,1,,,,
Front-Office,1,,,,
Stationary,1,,,,
FemaleToilet,1,,,,
Ladies,1,,,,
Compressor,1,,,,
Line,1,,,,
046-,1,,,,
044b,1,,,,
Room-Female,1,,,,
045-,1,,,,
152d,1,,,,
152c,1,,,,
152b,1,,,,
152a,1,,,,
222),1,,,,
043b,1,,,,
043a,1,,,,
lobby,1,,,,
H2-11,1,,,,
H2-10,1,,,,
106-VC,1,,,,
ASCH,1,,,,
044-,1,,,,
Store-4a,1,,,,
GTraining,1,,,,
May,1,,,,
H2-09,1,,,,
H2-08,1,,,,
H2-07,1,,,,
042a,1,,,,
H2-06,1,,,,
H2-05,1,,,,
H2-04,1,,,,
H2-03,1,,,,
H2-02,1,,,,
H2-01,1,,,,
A189,1,,,,
A188,1,,,,
A187,1,,,,
A185,1,,,,
A184,1,,,,
043-,1,,,,
A183,1,,,,
A182,1,,,,
A181,1,,,,
Laser,1,,,,
150a,1,,,,
shop,1,,,,
A180,1,,,,
1.0.11a,1,,,,
Cedar,1,,,,
042-,1,,,,
E2-06,1,,,,
E2-05,1,,,,
E2-04,1,,,,
E2-03,1,,,,
E2-02,1,,,,
E2-01,1,,,,
S2004a,1,,,,
N0062d,1,,,,
041-,1,,,,
Dark,1,,,,
TutorThird,1,,,,
S2003a,1,,,,
N0061b,1,,,,
AFM,1,,,,
Help,1,,,,
Ethics,1,,,,
G0-32,1,,,,
Lost,1,,,,
G0-31,1,,,,
G0-30,1,,,,
S2002a,1,,,,
N0060a,1,,,,
E-F,1,,,,
G0-29,1,,,,
G0-28,1,,,,
E-D,1,,,,
G0-27,1,,,,
G0-26,1,,,,
G0-25,1,,,,
E1-11Staircase,1,,,,
G0-24,1,,,,
G0-23,1,,,,
G0-22,1,,,,
G0-21,1,,,,
G0-20,1,,,,
Smoker,1,,,,
Lobby-Lift,1,,,,
G0-19,1,,,,
G0-18,1,,,,
G0-17,1,,,,
G0-16,1,,,,
G0-15,1,,,,
G0-14,1,,,,
G0-13,1,,,,
G0-12,1,,,,
Timber,1,,,,
G0-11,1,,,,
G0-10,1,,,,
Directors,1,,,,
G0-09,1,,,,
G0-08,1,,,,
G0-07,1,,,,
G0-06,1,,,,
G0-05,1,,,,
G0-04,1,,,,
G0-03,1,,,,
G0-02,1,,,,
G0-01,1,,,,
B205,1,,,,
B204,1,,,,
B203,1,,,,
B202,1,,,,
B201,1,,,,
Recycled,1,,,,
Function,1,,,,
E017d,1,,,,
E017c,1,,,,
E017b,1,,,,
Receiving,1,,,,
Kitchen-First,1,,,,
E017a,1,,,,
A102,1,,,,
A101,1,,,,
S1022a,1,,,,
E016b,1,,,,
E016a,1,,,,
E124a,1,,,,
H-B,1,,,,
Bedroom,1,,,,
Info.Literacy,1,,,,
S0045a,1,,,,
S1020b,1,,,,
S1020a,1,,,,
Fist,1,,,,
Tanks,1,,,,
Juniper,1,,,,
Mezzanine,1,,,,
Nexus,1,,,,
Car,1,,,,
Cupboard-1Basement,1,,,,
Lobby-Ground,1,,,,
Courts,1,,,,
S0042a,1,,,,
E120a,1,,,,
407-Office,1,,,,
E011b,1,,,,
E011a,1,,,,
Deans,1,,,,
Heat,1,,,,
E010d,1,,,,
E010c,1,,,,
E010b,1,,,,
E010a,1,,,,
Printer-Storage,1,,,,
L1-011,1,,,,
L1-010,1,,,,
02-26,1,,,,
02-25,1,,,,
02-24,1,,,,
02-23,1,,,,
02-22,1,,,,
02-21,1,,,,
02-20,1,,,,
L1-009,1,,,,
L1-008,1,,,,
Admin,1,,,,
L1-007,1,,,,
L1-006,1,,,,
L1-005,1,,,,
Enrolment,1,,,,
L1-004,1,,,,
L1-003,1,,,,
L1-002,1,,,,
L1-001,1,,,,
02-19,1,,,,
02-18,1,,,,
02-17,1,,,,
02-16,1,,,,
Gate,1,,,,
02-15,1,,,,
02-14,1,,,,
02-13,1,,,,
02-12,1,,,,
02-11,1,,,,
02-10,1,,,,
Reprograghic,1,,,,
02-09,1,,,,
02-08,1,,,,
02-07,1,,,,
N2018a,1,,,,
02-06,1,,,,
02-05,1,,,,
02-04,1,,,,
Photocopies,1,,,,
Corporate,1,,,,
02-03,1,,,,
02-02,1,,,,
02-01,1,,,,
Presentation-Meeting,1,,,,
Labratory,1,,,,
File,1,,,,
N2017a,1,,,,
G016,1,,,,
G015,1,,,,
G014,1,,,,
G013,1,,,,
G012,1,,,,
G011,1,,,,
G010,1,,,,
Stair-1Second,1,,,,
Closed,1,,,,
G009,1,,,,
G008,1,,,,
G007,1,,,,
G006,1,,,,
G005,1,,,,
G004,1,,,,
G003,1,,,,
G002,1,,,,
G001,1,,,,
Officer,1,,,,
Script,1,,,,
Development,1,,,,
Servery,1,,,,
409-Office,1,,,,
Lund,1,,,,
165,1,,,,
V2,1,,,,
Loan,1,,,,
258b,1,,,,
258a,1,,,,
Office-,1,,,,
149a,1,,,,
001-Office,1,,,,
Evacuation,1,,,,
Change,1,,,,
159,1,,,,
158,1,,,,
155,1,,,,
154,1,,,,
Cycle,1,,,,
ROOM,1,,,,
Observation,1,,,,
Super,1,,,,
110-Office,1,,,,
Store-1First,1,,,,
Cellar,1,,,,
Z115a,1,,,,
Storeroom,1,,,,
043-Generator,1,,,,
Paper,1,,,,
N060,1,,,,
Needs,1,,,,
Soil,1,,,,
255a,1,,,,
039-,1,,,,
Suite-Break,1,,,,
Area-South,1,,,,
037a,1,,,,
Special,1,,,,
038-,1,,,,
QA,1,,,,
Managers,1,,,,
PR05,1,,,,
PR04,1,,,,
PR03,1,,,,
PR02,1,,,,
PR01,1,,,,
037-,1,,,,
PC,1,,,,
PA,1,,,,
Foor,1,,,,
Tank/Plant,1,,,,
roo,1,,,,
Food,1,,,,
252d,1,,,,
252c,1,,,,
252b,1,,,,
036-,1,,,,
Seminar-2,1,,,,
Jennie,1,,,,
035-,1,,,,
033b,1,,,,
033a,1,,,,
Oil,1,,,,
Advisers,1,,,,
Bathroom,1,,,,
Zone,1,,,,
Lift-1,1,,,,
LV,1,,,,
Office-2,1,,,,
Stuart,1,,,,
RIS-3,1,,,,
RIS-2,1,,,,
RIS-1,1,,,,
112-Office,1,,,,
033-,1,,,,
VOID8,1,,,,
Lobby-East,1,,,,
031a,1,,,,
Spectrometer,1,,,,
N0094,1,,,,
N0093,1,,,,
N0092,1,,,,
N0091,1,,,,
117-Presentation,1,,,,
N0090,1,,,,
Reception-Waiting,1,,,,
Languages,1,,,,
Design,1,,,,
032-,1,,,,
N0088,1,,,,
N0087,1,,,,
030a,1,,,,
N0086,1,,,,
N0085,1,,,,
N0084,1,,,,
N0083,1,,,,
N0082,1,,,,
Business,1,,,,
N0081,1,,,,
N0080,1,,,,
N2075a,1,,,,
In,1,,,,
Registry,1,,,,
031-,1,,,,
Office-1Second,1,,,,
N0079,1,,,,
N0078,1,,,,
N0077,1,,,,
N0076,1,,,,
N0075,1,,,,
N0074,1,,,,
N0073,1,,,,
N0072,1,,,,
N0071,1,,,,
N0070,1,,,,
S1018a,1,,,,
Paint,1,,,,
030-,1,,,,
N0069,1,,,,
N0068,1,,,,
N0067,1,,,,
N0066,1,,,,
N0065,1,,,,
N0064,1,,,,
N0063,1,,,,
N0061,1,,,,
Go,1,,,,
Nu258a,1,,,,
4.2,1,,,,
4.1,1,,,,
Microbiology,1,,,,
(Toilets),1,,,,
NC01,1,,,,
151Kitchen,1,,,,
Maint,1,,,,
G1-08,1,,,,
G1-07,1,,,,
G1-06,1,,,,
G1-03,1,,,,
107/8-Office,1,,,,
G1-02,1,,,,
G1-01,1,,,,
E118a,1,,,,
C205,1,,,,
C204,1,,,,
C203,1,,,,
C202,1,,,,
C201,1,,,,
031Office,1,,,,
401-Office,1,,,,
Showers,1,,,,
Autoclave,1,,,,
Study,1,,,,
B105,1,,,,
Visitor,1,,,,
B104,1,,,,
B103,1,,,,
B102,1,,,,
B101,1,,,,
Floating,1,,,,
Roller,1,,,,
E225a,1,,,,
N0024,1,,,,
N0023,1,,,,
N0022,1,,,,
N0021,1,,,,
Material,1,,,,
E007b,1,,,,
DG,1,,,,
Groundsmans,1,,,,
N1104,1,,,,
N0019,1,,,,
N1103,1,,,,
N0018,1,,,,
N1102,1,,,,
N0017,1,,,,
N1101,1,,,,
N1100,1,,,,
N0016,1,,,,
N0015,1,,,,
E115e,1,,,,
N0014,1,,,,
N0013,1,,,,
N0012,1,,,,
E115c,1,,,,
N0011,1,,,,
E115b,1,,,,
N0010,1,,,,
D2,1,,,,
E115a,1,,,,
D1,1,,,,
Directorate,1,,,,
E006b,1,,,,
Stairs-Lift,1,,,,
E006a,1,,,,
034-Go,1,,,,
1.0.2,1,,,,
CG,1,,,,
Freezers,1,,,,
Contractors,1,,,,
N0009,1,,,,
N0008,1,,,,
N0007,1,,,,
N0006,1,,,,
N0005,1,,,,
N0004,1,,,,
N0003,1,,,,
N0002,1,,,,
N0001,1,,,,
C2,1,,,,
C1,1,,,,
Safety-Fire,1,,,,
E005a,1,,,,
Courses,1,,,,
BG,1,,,,
S0035d,1,,,,
S0035c,1,,,,
S0035b,1,,,,
S0035a,1,,,,
Server/Comms,1,,,,
B2,1,,,,
Room/AV,1,,,,
B1,1,,,,
male,1,,,,
AG,1,,,,
E221a,1,,,,
A2,1,,,,
A1,1,,,,
E111e,1,,,,
E111d,1,,,,
E111c,1,,,,
E111b,1,,,,
E002a,1,,,,
Atomic,1,,,,
Balances,1,,,,
Stair-1Basement,1,,,,
Information,1,,,,
03-31,1,,,,
03-30,1,,,,
In-Goods,1,,,,
Nu293,1,,,,
403-Office,1,,,,
Nu291,1,,,,
Small,1,,,,
03-29,1,,,,
03-28,1,,,,
03-27,1,,,,
03-26,1,,,,
Nappy,1,,,,
03-25,1,,,,
03-24,1,,,,
03-23,1,,,,
Nu289,1,,,,
03-22,1,,,,
Nu287,1,,,,
03-21,1,,,,
03-20,1,,,,
E0-25a,1,,,,
Nu285,1,,,,
Counsellor,1,,,,
036-Print,1,,,,
03-19,1,,,,
03-18,1,,,,
03-17,1,,,,
03-16,1,,,,
03-15,1,,,,
03-14,1,,,,
03-13,1,,,,
03-12,1,,,,
Cloakroom,1,,,,
03-11,1,,,,
03-10,1,,,,
Land,1,,,,
Tractors,1,,,,
03-09,1,,,,
03-08,1,,,,
03-07,1,,,,
03-06,1,,,,
03-05,1,,,,
03-04,1,,,,
03-02,1,,,,
03-01,1,,,,
Lobby-West,1,,,,
Nu262,1,,,,
Nu260,1,,,,
Trolley,1,,,,
Switchgear,1,,,,
Tool,1,,,,
Project,1,,,,
Nu258,1,,,,
Receipt,1,,,,
L3-107,1,,,,
311Staff,1,,,,
L3-106,1,,,,
L3-105,1,,,,
L3-104,1,,,,
L3-103,1,,,,
L3-102,1,,,,
Z219c,1,,,,
L3-101,1,,,,
Director-2,1,,,,
Z219a,1,,,,
Director-1,1,,,,
Bagged,1,,,,
114b-,1,,,,
Carpenters,1,,,,
Z218e,1,,,,
Z218d,1,,,,
Z218c,1,,,,
Z218b,1,,,,
Z218a,1,,,,
Photo,1,,,,
080,1,,,,
Charger,1,,,,
Enviroment,1,,,,
079,1,,,,
209a,1,,,,
114a-,1,,,,
078,1,,,,
077,1,,,,
076,1,,,,
075,1,,,,
074,1,,,,
073,1,,,,
072,1,,,,
-03,1,,,,
Kitchenette,1,,,,
405-Office,1,,,,
104-Office,1,,,,
Nu219,1,,,,
Nu217,1,,,,
Nu215,1,,,,
Nu214,1,,,,
Nu213,1,,,,
Nu212,1,,,,
Nu211,1,,,,
Nu210,1,,,,
249A,1,,,,
Under,1,,,,
Photcopier,1,,,,
Nu209,1,,,,
Nu208,1,,,,
Nu207,1,,,,
Nu206,1,,,,
Nu205,1,,,,
Nu204,1,,,,
Nu203,1,,,,
Nu202,1,,,,
Nu201,1,,,,
Chefs,1,,,,
138a,1,,,,
029a,1,,,,
N2002a,1,,,,
HC01,1,,,,
N1026a,1,,,,
N2001e,1,,,,
N2001d,1,,,,
N2001c,1,,,,
N2001b,1,,,,
N2001a,1,,,,
46,1,,,,
45,1,,,,
44,1,,,,
42,1,,,,
41,1,,,,
231Male,1,,,,
029-,1,,,,
Area-North,1,,,,
N1025c,1,,,,
N1025b,1,,,,
N1025a,1,,,,
027a,1,,,,
38,1,,,,
37,1,,,,
36,1,,,,
34,1,,,,
Z103b,1,,,,
035-Open,1,,,,
Z103a,1,,,,
02-,1,,,,
028-,1,,,,
Key,1,,,,
24,1,,,,
23,1,,,,
Z211a,1,,,,
21,1,,,,
2-,1,,,,
Ovens,1,,,,
027-,1,,,,
19,1,,,,
18,1,,,,
12,1,,,,
Reprographics,1,,,,
109-Shower,1,,,,
N2069a,1,,,,
Marketing/Regional,1,,,,
Room-1Second,1,,,,
BRU,1,,,,
025-,1,,,,
Seminar-1Ground,1,,,,
Sublet,1,,,,
0.4,1,,,,
Stair-1First,1,,,,
Copy,1,,,,
N1099,1,,,,
N1098,1,,,,
131a,1,,,,
N1097,1,,,,
N1096,1,,,,
N1095,1,,,,
DUW-NTSC,1,,,,
N1094,1,,,,
N1093,1,,,,
N1092,1,,,,
N1091,1,,,,
N1090,1,,,,
ENA102,1,,,,
N1089,1,,,,
N1088,1,,,,
N1087,1,,,,
Ambient,1,,,,
Accessibility,1,,,,
N1086,1,,,,
N1085,1,,,,
N1084,1,,,,
N1083,1,,,,
N1082,1,,,,
R0-26,1,,,,
R0-25,1,,,,
N1081,1,,,,
N1080,1,,,,
R0-24,1,,,,
R0-23,1,,,,
R0-22,1,,,,
R0-21,1,,,,
R0-20,1,,,,
Production,1,,,,
Flooor,1,,,,
N1079,1,,,,
N1078,1,,,,
N1077,1,,,,
N1076,1,,,,
N1075,1,,,,
R0-19,1,,,,
N1074,1,,,,
R0-18,1,,,,
N1073,1,,,,
R0-17,1,,,,
R0-16,1,,,,
N1072,1,,,,
Plasma,1,,,,
N1071,1,,,,
R0-15,1,,,,
N1070,1,,,,
R0-14,1,,,,
R0-13,1,,,,
R0-12,1,,,,
R0-11,1,,,,
R0-10,1,,,,
301,1,,,,
C05,1,,,,
C04,1,,,,
N1069,1,,,,
N1068,1,,,,
N1067,1,,,,
N1066,1,,,,
R0-09,1,,,,
R0-08,1,,,,
R0-07,1,,,,
R0-06,1,,,,
N1061,1,,,,
R0-05,1,,,,
N1060,1,,,,
R0-04,1,,,,
R0-03,1,,,,
R0-02,1,,,,
R0-01,1,,,,
N1059,1,,,,
Press,1,,,,
N1058,1,,,,
N1057,1,,,,
N1056,1,,,,
ERS,1,,,,
E219a,1,,,,
3.2,1,,,,
3.1,1,,,,
G2-07,1,,,,
G2-05,1,,,,
G2-04,1,,,,
G2-03,1,,,,
G2-02,1,,,,
011Photocopier,1,,,,
G2-01,1,,,,
D205,1,,,,
D204,1,,,,
D203,1,,,,
D202,1,,,,
D201,1,,,,
E-RIS,1,,,,
N1086a,1,,,,
E108a,1,,,,
(2,1,,,,
C105,1,,,,
S1005a,1,,,,
C104,1,,,,
C103,1,,,,
C102,1,,,,
C101,1,,,,
N1027,1,,,,
N1026,1,,,,
N1025,1,,,,
N1024,1,,,,
N1023,1,,,,
E216d,1,,,,
E216c,1,,,,
N1022,1,,,,
E216b,1,,,,
N1021,1,,,,
E216a,1,,,,
N1020,1,,,,
S1004a,1,,,,
Health,1,,,,
Gallery,1,,,,
B001,1,,,,
N1019,1,,,,
N1017,1,,,,
N1016,1,,,,
N1015,1,,,,
N1014,1,,,,
N1013,1,,,,
N1012,1,,,,
N1011,1,,,,
N1010,1,,,,
Genearal,1,,,,
Corridor-1First,1,,,,
E106a,1,,,,
S1003a,1,,,,
S0029-,1,,,,
N1009,1,,,,
N1008,1,,,,
N1007,1,,,,
N1006,1,,,,
N1005,1,,,,
N1004,1,,,,
N1003,1,,,,
N1002,1,,,,
S1002a,1,,,,
Up-Pot,1,,,,
044a,1,,,,
XRD,1,,,,
E213d,1,,,,
E213b,1,,,,
E213a,1,,,,
Elder,1,,,,
Dis,1,,,,
Ferguson,1,,,,
Drop,1,,,,
???,1,,,,
Liaison,1,,,,
V.C.Duplicating,1,,,,
Support,1,,,,
E211d,1,,,,
E211b,1,,,,
CMR01Meeting,1,,,,
E211a,1,,,,
E102a,1,,,,
The,1,,,,
Absorbtion,1,,,,
REAS,1,,,,
Secure,1,,,,
Store-1Ground,1,,,,
female,1,,,,
Desk,1,,,,
Nu191,1,,,,
Store-2,1,,,,
1Fourth,1,,,,
Field,1,,,,
Physics,1,,,,
Nu189,1,,,,
Nu187,1,,,,
Nu185,1,,,,
Builders,1,,,,
Supervisor,1,,,,
Technology,1,,,,
Suite-Training,1,,,,
BA4,1,,,,
BA3,1,,,,
BA2,1,,,,
BA1,1,,,,
Nu162,1,,,,
Course,1,,,,
Nu160,1,,,,
Stepped,1,,,,
Post/Print,1,,,,
Nu158,1,,,,
Cupboard,1,,,,
Records,1,,,,
141Office,1,,,,
toilet,1,,,,
Representative,1,,,,
Workroom,1,,,,
Chromatography,1,,,,
L5-212,1,,,,
L5-211,1,,,,
L5-210,1,,,,
Asset,1,,,,
Supervisors,1,,,,
L5-209,1,,,,
L5-208,1,,,,
L5-207,1,,,,
L5-205,1,,,,
OUBS,1,,,,
L5-204,1,,,,
L5-203,1,,,,
L5-202,1,,,,
L5-201,1,,,,
Nu119,1,,,,
Nu117,1,,,,
Nu116,1,,,,
Nu115,1,,,,
Nu114,1,,,,
Nu113,1,,,,
Nu112,1,,,,
Nu111,1,,,,
Nu110,1,,,,
Technicians,1,,,,
Nu109,1,,,,
Nu108,1,,,,
Nu107,1,,,,
Nu106,1,,,,
Nu105,1,,,,
Nu104,1,,,,
Nu103,1,,,,
Nu102,1,,,,
Nu101,1,,,,
Pinfold,1,,,,
018m,1,,,,
Room-Kitchen,1,,,,
N1016a,1,,,,
018a,1,,,,
Z203a,1,,,,
A188b,1,,,,
A188a,1,,,,
L4-121Male,1,,,,
N1015a,1,,,,
113-Office,1,,,,
Pre,1,,,,
Staircase-3,1,,,,
Staircase-2,1,,,,
Staircase-1,1,,,,
Strong,1,,,,
N1013a,1,,,,
041-AC,1,,,,
Kevin,1,,,,
Mgmt,1,,,,
015a,1,,,,
Operations,1,,,,
Duplication,1,,,,
102-Office,1,,,,
Analysis,1,,,,
Duplicating,1,,,,
121a,1,,,,
Secretaries,1,,,,
R1-21,1,,,,
R1-20,1,,,,
(BATS),1,,,,
N2075,1,,,,
R1-18,1,,,,
N2074,1,,,,
N2073,1,,,,
R1-17,1,,,,
N2072,1,,,,
R1-16,1,,,,
N2071,1,,,,
R1-15,1,,,,
N2070,1,,,,
R1-12,1,,,,
A181c,1,,,,
A181b,1,,,,
A181a,1,,,,
N2069,1,,,,
N2068,1,,,,
1.1.28a,1,,,,
N2067,1,,,,
N2066,1,,,,
N2065,1,,,,
N2064,1,,,,
N2063,1,,,,
N2062,1,,,,
N2061,1,,,,
R1-05,1,,,,
N2060,1,,,,
R1-04,1,,,,
E226,1,,,,
R1-03,1,,,,
E225,1,,,,
R1-02,1,,,,
E224,1,,,,
E223,1,,,,
R1-01,1,,,,
010a,1,,,,
E221,1,,,,
E220,1,,,,
N2059,1,,,,
1.1.27a,1,,,,
N2057,1,,,,
N2056,1,,,,
N2055,1,,,,
Courses,1,,,,
Loading,1,,,,
N2054,1,,,,
Marketing,1,,,,
N2053,1,,,,
E219,1,,,,
N2052,1,,,,
Cuboard,1,,,,
E218,1,,,,
N2051,1,,,,
E217,1,,,,
N2050,1,,,,
E215,1,,,,
E214,1,,,,
E213,1,,,,
E212,1,,,,
E210,1,,,,
115-Office,1,,,,
Cupbouard,1,,,,
Changing-Female,1,,,,
Store-1Second,1,,,,
N2049,1,,,,
N2048,1,,,,
N2046,1,,,,
N2045,1,,,,
N2044,1,,,,
N2043,1,,,,
E209,1,,,,
N2042,1,,,,
E208,1,,,,
N2041,1,,,,
E207,1,,,,
N2040,1,,,,
E206,1,,,,
E205,1,,,,
E204,1,,,,
E203,1,,,,
E202,1,,,,
Adviser,1,,,,
L,1,,,,
2.3,1,,,,
2.2,1,,,,
2.1,1,,,,
N2039,1,,,,
N2038,1,,,,
N2037,1,,,,
N2036,1,,,,
N2035,1,,,,
N2033,1,,,,
N2032,1,,,,
N2031,1,,,,
N2030,1,,,,
E208a,1,,,,
N1077a,1,,,,
D105,1,,,,
D104,1,,,,
D103,1,,,,
D102,1,,,,
D101,1,,,,
0,1,,,,
S0055,1,,,,
S0054,1,,,,
S0053,1,,,,
S0051,1,,,,
S0050,1,,,,
N2029,1,,,,
N2028,1,,,,
N2027,1,,,,
N2026,1,,,,
N2025,1,,,,
N2024,1,,,,
N2023,1,,,,
Lift-1Second,1,,,,
N2022,1,,,,
N2021,1,,,,
N2020,1,,,,
Question,1,,,,
Bike,1,,,,
S0049,1,,,,
C006,1,,,,
S0048,1,,,,
S0047,1,,,,
S0046,1,,,,
S0045,1,,,,
S0044,1,,,,
Plantroom,1,,,,
S0043,1,,,,
S0042,1,,,,
S0041,1,,,,
S0040,1,,,,
Transverse,1,,,,
N2019,1,,,,
N2018,1,,,,
N2017,1,,,,
N2016,1,,,,
N2015,1,,,,
N2014,1,,,,
N2013,1,,,,
N2012,1,,,,
N2010,1,,,,
(Stairs),1,,,,
Sundries,1,,,,
E206a,1,,,,
077b,1,,,,
077a,1,,,,
S0039,1,,,,
S0038,1,,,,
S0037,1,,,,
S0036,1,,,,
S0034,1,,,,
S0033,1,,,,
S0032,1,,,,
S0031,1,,,,
S0030,1,,,,
N2009,1,,,,
N2008,1,,,,
N2007,1,,,,
N2006,1,,,,
N2005,1,,,,
N2004,1,,,,
N2002,1,,,,
Property,1,,,,
stair,1,,,,
V1Ground,1,,,,
N1074a,1,,,,
S0018a,1,,,,
076a,1,,,,
S0029,1,,,,
S0028,1,,,,
S0027,1,,,,
S0025,1,,,,
S0024,1,,,,
S0023,1,,,,
S0022,1,,,,
Chestnut,1,,,,
S0021,1,,,,
S0020,1,,,,
DNA,1,,,,
Sedum,1,,,,
Z043b,1,,,,
Z043a,1,,,,
Calorifier,1,,,,
S0017b,1,,,,
S0017a,1,,,,
Printer,1,,,,
S0019,1,,,,
Artwork,1,,,,
S0018,1,,,,
ENT-CLN,1,,,,
S0017,1,,,,
S0016,1,,,,
S0015,1,,,,
503,1,,,,
S0014,1,,,,
502,1,,,,
S0013,1,,,,
501,1,,,,
S0012,1,,,,
S0011,1,,,,
S0010,1,,,,
Knave,1,,,,
Church,1,,,,
Z042a,1,,,,
S0009,1,,,,
S0008,1,,,,
S0007,1,,,,
Extinguisher,1,,,,
S0005,1,,,,
S0004,1,,,,
S0003,1,,,,
S0002,1,,,,
S0001,1,,,,
E202a,1,,,,
Procurement,1,,,,
Cemos,1,,,,
071a,1,,,,
VOID11,1,,,,
Work-Shop,1,,,,
WC,1,,,,
Laboratory-3,1,,,,
Laboratory-2,1,,,,
Laboratory-1,1,,,,
Disposal,1,,,,
B,1,,,,
Nu085,1,,,,
Nu084,1,,,,
Nu083,1,,,,
00-11Office,1,,,,
!,1,,,,
Archway,1,,,,
Mailing,1,,,,
406-Office,1,,,,
